Part_id	Sc_id	abspathanglesrate	blinkdurationmax	blinkdurationmean	blinkdurationmin	blinkdurationstd	blinkdurationtotal	blinknum	blinkrate	blinktimedistancemax	blinktimedistancemean	blinktimedistancemin	blinktimedistancestd	doubleclicrate	enddistance	endpupilsize	eyemovementvelocity	fixationrate	fixationsaccadetimeratio	keypressedrate	leftclicrate	length	longestsaccadedistance	longestsaccadeduration	maxdistance	maxpupilsize	maxpupilvelocity	maxsaccadespeed	meanabspathangles	meandistance	meanfixationduration	meanpathdistance	meanpupilsize	meanpupilvelocity	meanrelpathangles	meansaccadedistance	meansaccadeduration	meansaccadespeed	mindistance	minpupilsize	minpupilvelocity	minsaccadespeed	numdoubleclic	numevents	numfixations	numkeypressed	numleftclic	numrightclic	numsaccades	numsamples	numsegments	relpathanglesrate	rightclicrate	startdistance	startpupilsize	stddevabspathangles	stddevdistance	stddevfixationduration	stddevpathdistance	stddevpupilsize	stddevpupilvelocity	stddevrelpathangles	stddevsaccadedistance	stddevsaccadeduration	stddevsaccadespeed	sumabspathangles	sumfixationduration	sumpathdistance	sumrelpathangles	sumsaccadedistance	sumsaccadeduration	timetofirstdoubleclic	timetofirstkeypressed	timetofirstleftclic	timetofirstrightclic	Text Content Area_doubleclicrate	Text Content Area_enddistance	Text Content Area_endpupilsize	Text Content Area_fixationrate	Text Content Area_leftclicrate	Text Content Area_longestfixation	Text Content Area_maxdistance	Text Content Area_maxpupilsize	Text Content Area_maxpupilvelocity	Text Content Area_meandistance	Text Content Area_meanfixationduration	Text Content Area_meanpupilsize	Text Content Area_meanpupilvelocity	Text Content Area_mindistance	Text Content Area_minpupilsize	Text Content Area_minpupilvelocity	Text Content Area_numdoubleclic	Text Content Area_numevents	Text Content Area_numfixations	Text Content Area_numleftclic	Text Content Area_numrightclic	Text Content Area_numtransfrom_Agent	Text Content Area_numtransfrom_Image Content Area	Text Content Area_numtransfrom_Notes	Text Content Area_numtransfrom_Overall Learning Goal	Text Content Area_numtransfrom_SRL Palette	Text Content Area_numtransfrom_Subgoals	Text Content Area_numtransfrom_Table of Contents	Text Content Area_numtransfrom_Text Content Area	Text Content Area_numtransfrom_Timer	Text Content Area_proportionnum	Text Content Area_proportiontime	Text Content Area_proptransfrom_Agent	Text Content Area_proptransfrom_Image Content Area	Text Content Area_proptransfrom_Notes	Text Content Area_proptransfrom_Overall Learning Goal	Text Content Area_proptransfrom_SRL Palette	Text Content Area_proptransfrom_Subgoals	Text Content Area_proptransfrom_Table of Contents	Text Content Area_proptransfrom_Text Content Area	Text Content Area_proptransfrom_Timer	Text Content Area_rightclicrate	Text Content Area_startdistance	Text Content Area_startpupilsize	Text Content Area_stddevdistance	Text Content Area_stddevfixationduration	Text Content Area_stddevpupilsize	Text Content Area_stddevpupilvelocity	Text Content Area_timetofirstdoubleclic	Text Content Area_timetofirstfixation	Text Content Area_timetofirstleftclic	Text Content Area_timetofirstrightclic	Text Content Area_timetolastdoubleclic	Text Content Area_timetolastfixation	Text Content Area_timetolastleftclic	Text Content Area_timetolastrightclic	Text Content Area_totaltimespent	Subgoals_doubleclicrate	Subgoals_enddistance	Subgoals_endpupilsize	Subgoals_fixationrate	Subgoals_leftclicrate	Subgoals_longestfixation	Subgoals_maxdistance	Subgoals_maxpupilsize	Subgoals_maxpupilvelocity	Subgoals_meandistance	Subgoals_meanfixationduration	Subgoals_meanpupilsize	Subgoals_meanpupilvelocity	Subgoals_mindistance	Subgoals_minpupilsize	Subgoals_minpupilvelocity	Subgoals_numdoubleclic	Subgoals_numevents	Subgoals_numfixations	Subgoals_numleftclic	Subgoals_numrightclic	Subgoals_numtransfrom_Agent	Subgoals_numtransfrom_Image Content Area	Subgoals_numtransfrom_Notes	Subgoals_numtransfrom_Overall Learning Goal	Subgoals_numtransfrom_SRL Palette	Subgoals_numtransfrom_Subgoals	Subgoals_numtransfrom_Table of Contents	Subgoals_numtransfrom_Text Content Area	Subgoals_numtransfrom_Timer	Subgoals_proportionnum	Subgoals_proportiontime	Subgoals_proptransfrom_Agent	Subgoals_proptransfrom_Image Content Area	Subgoals_proptransfrom_Notes	Subgoals_proptransfrom_Overall Learning Goal	Subgoals_proptransfrom_SRL Palette	Subgoals_proptransfrom_Subgoals	Subgoals_proptransfrom_Table of Contents	Subgoals_proptransfrom_Text Content Area	Subgoals_proptransfrom_Timer	Subgoals_rightclicrate	Subgoals_startdistance	Subgoals_startpupilsize	Subgoals_stddevdistance	Subgoals_stddevfixationduration	Subgoals_stddevpupilsize	Subgoals_stddevpupilvelocity	Subgoals_timetofirstdoubleclic	Subgoals_timetofirstfixation	Subgoals_timetofirstleftclic	Subgoals_timetofirstrightclic	Subgoals_timetolastdoubleclic	Subgoals_timetolastfixation	Subgoals_timetolastleftclic	Subgoals_timetolastrightclic	Subgoals_totaltimespent	Notes_doubleclicrate	Notes_enddistance	Notes_endpupilsize	Notes_fixationrate	Notes_leftclicrate	Notes_longestfixation	Notes_maxdistance	Notes_maxpupilsize	Notes_maxpupilvelocity	Notes_meandistance	Notes_meanfixationduration	Notes_meanpupilsize	Notes_meanpupilvelocity	Notes_mindistance	Notes_minpupilsize	Notes_minpupilvelocity	Notes_numdoubleclic	Notes_numevents	Notes_numfixations	Notes_numleftclic	Notes_numrightclic	Notes_numtransfrom_Agent	Notes_numtransfrom_Image Content Area	Notes_numtransfrom_Notes	Notes_numtransfrom_Overall Learning Goal	Notes_numtransfrom_SRL Palette	Notes_numtransfrom_Subgoals	Notes_numtransfrom_Table of Contents	Notes_numtransfrom_Text Content Area	Notes_numtransfrom_Timer	Notes_proportionnum	Notes_proportiontime	Notes_proptransfrom_Agent	Notes_proptransfrom_Image Content Area	Notes_proptransfrom_Notes	Notes_proptransfrom_Overall Learning Goal	Notes_proptransfrom_SRL Palette	Notes_proptransfrom_Subgoals	Notes_proptransfrom_Table of Contents	Notes_proptransfrom_Text Content Area	Notes_proptransfrom_Timer	Notes_rightclicrate	Notes_startdistance	Notes_startpupilsize	Notes_stddevdistance	Notes_stddevfixationduration	Notes_stddevpupilsize	Notes_stddevpupilvelocity	Notes_timetofirstdoubleclic	Notes_timetofirstfixation	Notes_timetofirstleftclic	Notes_timetofirstrightclic	Notes_timetolastdoubleclic	Notes_timetolastfixation	Notes_timetolastleftclic	Notes_timetolastrightclic	Notes_totaltimespent	Timer_doubleclicrate	Timer_enddistance	Timer_endpupilsize	Timer_fixationrate	Timer_leftclicrate	Timer_longestfixation	Timer_maxdistance	Timer_maxpupilsize	Timer_maxpupilvelocity	Timer_meandistance	Timer_meanfixationduration	Timer_meanpupilsize	Timer_meanpupilvelocity	Timer_mindistance	Timer_minpupilsize	Timer_minpupilvelocity	Timer_numdoubleclic	Timer_numevents	Timer_numfixations	Timer_numleftclic	Timer_numrightclic	Timer_numtransfrom_Agent	Timer_numtransfrom_Image Content Area	Timer_numtransfrom_Notes	Timer_numtransfrom_Overall Learning Goal	Timer_numtransfrom_SRL Palette	Timer_numtransfrom_Subgoals	Timer_numtransfrom_Table of Contents	Timer_numtransfrom_Text Content Area	Timer_numtransfrom_Timer	Timer_proportionnum	Timer_proportiontime	Timer_proptransfrom_Agent	Timer_proptransfrom_Image Content Area	Timer_proptransfrom_Notes	Timer_proptransfrom_Overall Learning Goal	Timer_proptransfrom_SRL Palette	Timer_proptransfrom_Subgoals	Timer_proptransfrom_Table of Contents	Timer_proptransfrom_Text Content Area	Timer_proptransfrom_Timer	Timer_rightclicrate	Timer_startdistance	Timer_startpupilsize	Timer_stddevdistance	Timer_stddevfixationduration	Timer_stddevpupilsize	Timer_stddevpupilvelocity	Timer_timetofirstdoubleclic	Timer_timetofirstfixation	Timer_timetofirstleftclic	Timer_timetofirstrightclic	Timer_timetolastdoubleclic	Timer_timetolastfixation	Timer_timetolastleftclic	Timer_timetolastrightclic	Timer_totaltimespent	Image Content Area_doubleclicrate	Image Content Area_enddistance	Image Content Area_endpupilsize	Image Content Area_fixationrate	Image Content Area_leftclicrate	Image Content Area_longestfixation	Image Content Area_maxdistance	Image Content Area_maxpupilsize	Image Content Area_maxpupilvelocity	Image Content Area_meandistance	Image Content Area_meanfixationduration	Image Content Area_meanpupilsize	Image Content Area_meanpupilvelocity	Image Content Area_mindistance	Image Content Area_minpupilsize	Image Content Area_minpupilvelocity	Image Content Area_numdoubleclic	Image Content Area_numevents	Image Content Area_numfixations	Image Content Area_numleftclic	Image Content Area_numrightclic	Image Content Area_numtransfrom_Agent	Image Content Area_numtransfrom_Image Content Area	Image Content Area_numtransfrom_Notes	Image Content Area_numtransfrom_Overall Learning Goal	Image Content Area_numtransfrom_SRL Palette	Image Content Area_numtransfrom_Subgoals	Image Content Area_numtransfrom_Table of Contents	Image Content Area_numtransfrom_Text Content Area	Image Content Area_numtransfrom_Timer	Image Content Area_proportionnum	Image Content Area_proportiontime	Image Content Area_proptransfrom_Agent	Image Content Area_proptransfrom_Image Content Area	Image Content Area_proptransfrom_Notes	Image Content Area_proptransfrom_Overall Learning Goal	Image Content Area_proptransfrom_SRL Palette	Image Content Area_proptransfrom_Subgoals	Image Content Area_proptransfrom_Table of Contents	Image Content Area_proptransfrom_Text Content Area	Image Content Area_proptransfrom_Timer	Image Content Area_rightclicrate	Image Content Area_startdistance	Image Content Area_startpupilsize	Image Content Area_stddevdistance	Image Content Area_stddevfixationduration	Image Content Area_stddevpupilsize	Image Content Area_stddevpupilvelocity	Image Content Area_timetofirstdoubleclic	Image Content Area_timetofirstfixation	Image Content Area_timetofirstleftclic	Image Content Area_timetofirstrightclic	Image Content Area_timetolastdoubleclic	Image Content Area_timetolastfixation	Image Content Area_timetolastleftclic	Image Content Area_timetolastrightclic	Image Content Area_totaltimespent	Table of Contents_doubleclicrate	Table of Contents_enddistance	Table of Contents_endpupilsize	Table of Contents_fixationrate	Table of Contents_leftclicrate	Table of Contents_longestfixation	Table of Contents_maxdistance	Table of Contents_maxpupilsize	Table of Contents_maxpupilvelocity	Table of Contents_meandistance	Table of Contents_meanfixationduration	Table of Contents_meanpupilsize	Table of Contents_meanpupilvelocity	Table of Contents_mindistance	Table of Contents_minpupilsize	Table of Contents_minpupilvelocity	Table of Contents_numdoubleclic	Table of Contents_numevents	Table of Contents_numfixations	Table of Contents_numleftclic	Table of Contents_numrightclic	Table of Contents_numtransfrom_Agent	Table of Contents_numtransfrom_Image Content Area	Table of Contents_numtransfrom_Notes	Table of Contents_numtransfrom_Overall Learning Goal	Table of Contents_numtransfrom_SRL Palette	Table of Contents_numtransfrom_Subgoals	Table of Contents_numtransfrom_Table of Contents	Table of Contents_numtransfrom_Text Content Area	Table of Contents_numtransfrom_Timer	Table of Contents_proportionnum	Table of Contents_proportiontime	Table of Contents_proptransfrom_Agent	Table of Contents_proptransfrom_Image Content Area	Table of Contents_proptransfrom_Notes	Table of Contents_proptransfrom_Overall Learning Goal	Table of Contents_proptransfrom_SRL Palette	Table of Contents_proptransfrom_Subgoals	Table of Contents_proptransfrom_Table of Contents	Table of Contents_proptransfrom_Text Content Area	Table of Contents_proptransfrom_Timer	Table of Contents_rightclicrate	Table of Contents_startdistance	Table of Contents_startpupilsize	Table of Contents_stddevdistance	Table of Contents_stddevfixationduration	Table of Contents_stddevpupilsize	Table of Contents_stddevpupilvelocity	Table of Contents_timetofirstdoubleclic	Table of Contents_timetofirstfixation	Table of Contents_timetofirstleftclic	Table of Contents_timetofirstrightclic	Table of Contents_timetolastdoubleclic	Table of Contents_timetolastfixation	Table of Contents_timetolastleftclic	Table of Contents_timetolastrightclic	Table of Contents_totaltimespent	Agent_doubleclicrate	Agent_enddistance	Agent_endpupilsize	Agent_fixationrate	Agent_leftclicrate	Agent_longestfixation	Agent_maxdistance	Agent_maxpupilsize	Agent_maxpupilvelocity	Agent_meandistance	Agent_meanfixationduration	Agent_meanpupilsize	Agent_meanpupilvelocity	Agent_mindistance	Agent_minpupilsize	Agent_minpupilvelocity	Agent_numdoubleclic	Agent_numevents	Agent_numfixations	Agent_numleftclic	Agent_numrightclic	Agent_numtransfrom_Agent	Agent_numtransfrom_Image Content Area	Agent_numtransfrom_Notes	Agent_numtransfrom_Overall Learning Goal	Agent_numtransfrom_SRL Palette	Agent_numtransfrom_Subgoals	Agent_numtransfrom_Table of Contents	Agent_numtransfrom_Text Content Area	Agent_numtransfrom_Timer	Agent_proportionnum	Agent_proportiontime	Agent_proptransfrom_Agent	Agent_proptransfrom_Image Content Area	Agent_proptransfrom_Notes	Agent_proptransfrom_Overall Learning Goal	Agent_proptransfrom_SRL Palette	Agent_proptransfrom_Subgoals	Agent_proptransfrom_Table of Contents	Agent_proptransfrom_Text Content Area	Agent_proptransfrom_Timer	Agent_rightclicrate	Agent_startdistance	Agent_startpupilsize	Agent_stddevdistance	Agent_stddevfixationduration	Agent_stddevpupilsize	Agent_stddevpupilvelocity	Agent_timetofirstdoubleclic	Agent_timetofirstfixation	Agent_timetofirstleftclic	Agent_timetofirstrightclic	Agent_timetolastdoubleclic	Agent_timetolastfixation	Agent_timetolastleftclic	Agent_timetolastrightclic	Agent_totaltimespent	Overall Learning Goal_doubleclicrate	Overall Learning Goal_enddistance	Overall Learning Goal_endpupilsize	Overall Learning Goal_fixationrate	Overall Learning Goal_leftclicrate	Overall Learning Goal_longestfixation	Overall Learning Goal_maxdistance	Overall Learning Goal_maxpupilsize	Overall Learning Goal_maxpupilvelocity	Overall Learning Goal_meandistance	Overall Learning Goal_meanfixationduration	Overall Learning Goal_meanpupilsize	Overall Learning Goal_meanpupilvelocity	Overall Learning Goal_mindistance	Overall Learning Goal_minpupilsize	Overall Learning Goal_minpupilvelocity	Overall Learning Goal_numdoubleclic	Overall Learning Goal_numevents	Overall Learning Goal_numfixations	Overall Learning Goal_numleftclic	Overall Learning Goal_numrightclic	Overall Learning Goal_numtransfrom_Agent	Overall Learning Goal_numtransfrom_Image Content Area	Overall Learning Goal_numtransfrom_Notes	Overall Learning Goal_numtransfrom_Overall Learning Goal	Overall Learning Goal_numtransfrom_SRL Palette	Overall Learning Goal_numtransfrom_Subgoals	Overall Learning Goal_numtransfrom_Table of Contents	Overall Learning Goal_numtransfrom_Text Content Area	Overall Learning Goal_numtransfrom_Timer	Overall Learning Goal_proportionnum	Overall Learning Goal_proportiontime	Overall Learning Goal_proptransfrom_Agent	Overall Learning Goal_proptransfrom_Image Content Area	Overall Learning Goal_proptransfrom_Notes	Overall Learning Goal_proptransfrom_Overall Learning Goal	Overall Learning Goal_proptransfrom_SRL Palette	Overall Learning Goal_proptransfrom_Subgoals	Overall Learning Goal_proptransfrom_Table of Contents	Overall Learning Goal_proptransfrom_Text Content Area	Overall Learning Goal_proptransfrom_Timer	Overall Learning Goal_rightclicrate	Overall Learning Goal_startdistance	Overall Learning Goal_startpupilsize	Overall Learning Goal_stddevdistance	Overall Learning Goal_stddevfixationduration	Overall Learning Goal_stddevpupilsize	Overall Learning Goal_stddevpupilvelocity	Overall Learning Goal_timetofirstdoubleclic	Overall Learning Goal_timetofirstfixation	Overall Learning Goal_timetofirstleftclic	Overall Learning Goal_timetofirstrightclic	Overall Learning Goal_timetolastdoubleclic	Overall Learning Goal_timetolastfixation	Overall Learning Goal_timetolastleftclic	Overall Learning Goal_timetolastrightclic	Overall Learning Goal_totaltimespent	SRL Palette_doubleclicrate	SRL Palette_enddistance	SRL Palette_endpupilsize	SRL Palette_fixationrate	SRL Palette_leftclicrate	SRL Palette_longestfixation	SRL Palette_maxdistance	SRL Palette_maxpupilsize	SRL Palette_maxpupilvelocity	SRL Palette_meandistance	SRL Palette_meanfixationduration	SRL Palette_meanpupilsize	SRL Palette_meanpupilvelocity	SRL Palette_mindistance	SRL Palette_minpupilsize	SRL Palette_minpupilvelocity	SRL Palette_numdoubleclic	SRL Palette_numevents	SRL Palette_numfixations	SRL Palette_numleftclic	SRL Palette_numrightclic	SRL Palette_numtransfrom_Agent	SRL Palette_numtransfrom_Image Content Area	SRL Palette_numtransfrom_Notes	SRL Palette_numtransfrom_Overall Learning Goal	SRL Palette_numtransfrom_SRL Palette	SRL Palette_numtransfrom_Subgoals	SRL Palette_numtransfrom_Table of Contents	SRL Palette_numtransfrom_Text Content Area	SRL Palette_numtransfrom_Timer	SRL Palette_proportionnum	SRL Palette_proportiontime	SRL Palette_proptransfrom_Agent	SRL Palette_proptransfrom_Image Content Area	SRL Palette_proptransfrom_Notes	SRL Palette_proptransfrom_Overall Learning Goal	SRL Palette_proptransfrom_SRL Palette	SRL Palette_proptransfrom_Subgoals	SRL Palette_proptransfrom_Table of Contents	SRL Palette_proptransfrom_Text Content Area	SRL Palette_proptransfrom_Timer	SRL Palette_rightclicrate	SRL Palette_startdistance	SRL Palette_startpupilsize	SRL Palette_stddevdistance	SRL Palette_stddevfixationduration	SRL Palette_stddevpupilsize	SRL Palette_stddevpupilvelocity	SRL Palette_timetofirstdoubleclic	SRL Palette_timetofirstfixation	SRL Palette_timetofirstleftclic	SRL Palette_timetofirstrightclic	SRL Palette_timetolastdoubleclic	SRL Palette_timetolastfixation	SRL Palette_timetolastleftclic	SRL Palette_timetolastrightclic	SRL Palette_totaltimespent
MT208PN41036	MT208PN41036_allsc	0	300	177.076923077	100	55.4871132106	407454	2301	0.000724162413799	86940	2029.01989831	16	3971.74310936	-1	489.5954	3.270615	0.0	0.000740527666088	-1	-1	-1	5104943	-1	-1	720.01675	5.210221	0.130388125	-1	0.0	492.442043077	651.379090523	0.0	3.13062607657	0.00251881554107	0.0	-1	-1	-1	342.3664	1.340869	0.0	-1	0	0	2353	0	0	0	0	306511	5	0.0	-1	651.91635	3.2255925	0.0	66.9698295414	1906.26649986	0.0	0.332571006223	0.00328015641791	0.0	-1	-1	-1	0	1532695	0.0	0.0	-1	-1	-1	-1	-1	-1	0	-1	-1	0	0	-1	-1	-1	-1	-1	-1	-1	-1	-1	-1	-1	0	0	0	0	0	0	0	0	0	0	0	0	0	0	0	0	0	0	0	0	0	0	0	0	0	0	-1	-1	-1	0	-1	-1	-1	-1	-1	-1	-1	-1	-1	-1	0	0	-1	-1	0	0	-1	-1	-1	-1	-1	-1	-1	-1	-1	-1	-1	0	0	0	0	0	0	0	0	0	0	0	0	0	0	0	0.0	0	0	0	0	0	0	0	0	0	0	-1	-1	-1	0	-1	-1	-1	-1	-1	-1	-1	-1	-1	-1	0	0	-1	-1	0	0	-1	-1	-1	-1	-1	-1	-1	-1	-1	-1	-1	0	0	0	0	0	0	0	0	0	0	0	0	0	0	0	0.0	0	0	0	0	0	0	0	0	0	0	-1	-1	-1	0	-1	-1	-1	-1	-1	-1	-1	-1	-1	-1	0	0	-1	-1	0	0	-1	-1	-1	-1	-1	-1	-1	-1	-1	-1	-1	0	0	0	0	0	0	0	0	0	0	0	0	0	0	0	0.0	0	0	0	0	0	0	0	0	0	0	-1	-1	-1	0	-1	-1	-1	-1	-1	-1	-1	-1	-1	-1	0	0	-1	-1	0	0	-1	-1	-1	-1	-1	-1	-1	-1	-1	-1	-1	0	0	0	0	0	0	0	0	0	0	0	0	0	0	0	0	0	0	0	0	0	0	0	0	0	0	-1	-1	-1	0	-1	-1	-1	-1	-1	-1	-1	-1	-1	-1	0	0	-1	-1	0	0	-1	-1	-1	-1	-1	-1	-1	-1	-1	-1	-1	0	0	0	0	0	0	0	0	0	0	0	0	0	0	0	0.0	0	0	0	0	0	0	0	0	0	0	-1	-1	-1	0	-1	-1	-1	-1	-1	-1	-1	-1	-1	-1	0	0	-1	-1	0	0	-1	-1	-1	-1	-1	-1	-1	-1	-1	-1	-1	0	0	0	0	0	0	0	0	0	0	0	0	0	0	0	0.0	0	0	0	0	0	0	0	0	0	0	-1	-1	-1	0	-1	-1	-1	-1	-1	-1	-1	-1	-1	-1	0	0	-1	-1	0	0	-1	-1	-1	-1	-1	-1	-1	-1	-1	-1	-1	0	0	0	0	0	0	0	0	0	0	0	0	0	0	0	0.0	0	0	0	0	0	0	0	0	0	0	-1	-1	-1	0	-1	-1	-1	-1	-1	-1	-1	-1	-1	-1	0	0	-1	-1	0	0	-1	-1	-1	-1	-1	-1	-1	-1	-1	-1	-1	0	0	0	0	0	0	0	0	0	0	0	0	0	0	0	0.0	0	0	0	0	0	0	0	0	0	0	-1	-1	-1	0	-1	-1	-1	-1	-1	-1	-1	-1	-1	-1	0
MT208PN41036	EIVreport_5_5325000	0	300	173.937106918	100	51.7271030782	55312	318	0.00059836859882	86940	2727.26498423	16	6356.48453259	-1	489.5954	3.270615	0.0	0.000613421896904	-1	-1	-1	919988	-1	-1	699.68835	4.619392	0.130388125	-1	0.0	495.231167963	1038.6595092	0.0	3.09119156966	0.0023603344779	0.0	-1	-1	-1	382.2692	1.340869	0.0	-1	0	0	326	0	0	0	0	55238	1	0.0	-1	504.8132	2.9966235	0.0	65.1077522488	3268.66461616	0.0	0.230450737213	0.00321424677368	0.0	-1	-1	-1	0	338603	0.0	0.0	-1	-1	-1	-1	-1	-1	0	-1	-1	0	0	-1	-1	-1	-1	-1	-1	-1	-1	-1	-1	-1	0	0	0	0	0	0	0	0	0	0	0	0	0	0	0	0.0	0	0	0	0	0	0	0	0	0	0	-1	-1	-1	0	-1	-1	-1	-1	-1	-1	-1	-1	-1	-1	0	0	-1	-1	0	0	-1	-1	-1	-1	-1	-1	-1	-1	-1	-1	-1	0	0	0	0	0	0	0	0	0	0	0	0	0	0	0	0.0	0	0	0	0	0	0	0	0	0	0	-1	-1	-1	0	-1	-1	-1	-1	-1	-1	-1	-1	-1	-1	0	0	-1	-1	0	0	-1	-1	-1	-1	-1	-1	-1	-1	-1	-1	-1	0	0	0	0	0	0	0	0	0	0	0	0	0	0	0	0.0	0	0	0	0	0	0	0	0	0	0	-1	-1	-1	0	-1	-1	-1	-1	-1	-1	-1	-1	-1	-1	0	0	-1	-1	0	0	-1	-1	-1	-1	-1	-1	-1	-1	-1	-1	-1	0	0	0	0	0	0	0	0	0	0	0	0	0	0	0	0.0	0	0	0	0	0	0	0	0	0	0	-1	-1	-1	0	-1	-1	-1	-1	-1	-1	-1	-1	-1	-1	0	0	-1	-1	0	0	-1	-1	-1	-1	-1	-1	-1	-1	-1	-1	-1	0	0	0	0	0	0	0	0	0	0	0	0	0	0	0	0.0	0	0	0	0	0	0	0	0	0	0	-1	-1	-1	0	-1	-1	-1	-1	-1	-1	-1	-1	-1	-1	0	0	-1	-1	0	0	-1	-1	-1	-1	-1	-1	-1	-1	-1	-1	-1	0	0	0	0	0	0	0	0	0	0	0	0	0	0	0	0.0	0	0	0	0	0	0	0	0	0	0	-1	-1	-1	0	-1	-1	-1	-1	-1	-1	-1	-1	-1	-1	0	0	-1	-1	0	0	-1	-1	-1	-1	-1	-1	-1	-1	-1	-1	-1	0	0	0	0	0	0	0	0	0	0	0	0	0	0	0	0.0	0	0	0	0	0	0	0	0	0	0	-1	-1	-1	0	-1	-1	-1	-1	-1	-1	-1	-1	-1	-1	0	0	-1	-1	0	0	-1	-1	-1	-1	-1	-1	-1	-1	-1	-1	-1	0	0	0	0	0	0	0	0	0	0	0	0	0	0	0	0.0	0	0	0	0	0	0	0	0	0	0	-1	-1	-1	0	-1	-1	-1	-1	-1	-1	-1	-1	-1	-1	0	0	-1	-1	0	0	-1	-1	-1	-1	-1	-1	-1	-1	-1	-1	-1	0	0	0	0	0	0	0	0	0	0	0	0	0	0	0	0.0	0	0	0	0	0	0	0	0	0	0	-1	-1	-1	0	-1	-1	-1	-1	-1	-1	-1	-1	-1	-1	0
MT208PN41036	EIVreport_2_2325000	0	300	180.778242678	100	56.32685613	129618	717	0.000939634080017	21535	1511.57402235	16	2452.56048337	-1	481.1748	3.1172985	0.0	0.000838724980768	-1	-1	-1	1212988	-1	-1	603.0936	4.8510515	0.0732442352941	-1	0.0	462.017028746	504.3	0.0	3.08916097645	0.00294125457976	0.0	-1	-1	-1	374.4516	1.3545125	0.0	-1	0	0	640	0	0	0	0	72830	1	0.0	-1	483.8577	2.984144	0.0	25.2551902797	1536.30023556	0.0	0.261761514977	0.00332737842824	0.0	-1	-1	-1	0	322752	0.0	0.0	-1	-1	-1	-1	-1	-1	0	-1	-1	0	0	-1	-1	-1	-1	-1	-1	-1	-1	-1	-1	-1	0	0	0	0	0	0	0	0	0	0	0	0	0	0	0	0.0	0	0	0	0	0	0	0	0	0	0	-1	-1	-1	0	-1	-1	-1	-1	-1	-1	-1	-1	-1	-1	0	0	-1	-1	0	0	-1	-1	-1	-1	-1	-1	-1	-1	-1	-1	-1	0	0	0	0	0	0	0	0	0	0	0	0	0	0	0	0.0	0	0	0	0	0	0	0	0	0	0	-1	-1	-1	0	-1	-1	-1	-1	-1	-1	-1	-1	-1	-1	0	0	-1	-1	0	0	-1	-1	-1	-1	-1	-1	-1	-1	-1	-1	-1	0	0	0	0	0	0	0	0	0	0	0	0	0	0	0	0.0	0	0	0	0	0	0	0	0	0	0	-1	-1	-1	0	-1	-1	-1	-1	-1	-1	-1	-1	-1	-1	0	0	-1	-1	0	0	-1	-1	-1	-1	-1	-1	-1	-1	-1	-1	-1	0	0	0	0	0	0	0	0	0	0	0	0	0	0	0	0.0	0	0	0	0	0	0	0	0	0	0	-1	-1	-1	0	-1	-1	-1	-1	-1	-1	-1	-1	-1	-1	0	0	-1	-1	0	0	-1	-1	-1	-1	-1	-1	-1	-1	-1	-1	-1	0	0	0	0	0	0	0	0	0	0	0	0	0	0	0	0.0	0	0	0	0	0	0	0	0	0	0	-1	-1	-1	0	-1	-1	-1	-1	-1	-1	-1	-1	-1	-1	0	0	-1	-1	0	0	-1	-1	-1	-1	-1	-1	-1	-1	-1	-1	-1	0	0	0	0	0	0	0	0	0	0	0	0	0	0	0	0.0	0	0	0	0	0	0	0	0	0	0	-1	-1	-1	0	-1	-1	-1	-1	-1	-1	-1	-1	-1	-1	0	0	-1	-1	0	0	-1	-1	-1	-1	-1	-1	-1	-1	-1	-1	-1	0	0	0	0	0	0	0	0	0	0	0	0	0	0	0	0.0	0	0	0	0	0	0	0	0	0	0	-1	-1	-1	0	-1	-1	-1	-1	-1	-1	-1	-1	-1	-1	0	0	-1	-1	0	0	-1	-1	-1	-1	-1	-1	-1	-1	-1	-1	-1	0	0	0	0	0	0	0	0	0	0	0	0	0	0	0	0.0	0	0	0	0	0	0	0	0	0	0	-1	-1	-1	0	-1	-1	-1	-1	-1	-1	-1	-1	-1	-1	0	0	-1	-1	0	0	-1	-1	-1	-1	-1	-1	-1	-1	-1	-1	-1	0	0	0	0	0	0	0	0	0	0	0	0	0	0	0	0.0	0	0	0	0	0	0	0	0	0	0	-1	-1	-1	0	-1	-1	-1	-1	-1	-1	-1	-1	-1	-1	0
MT208PN41036	EIVreport_1_1005000	0	300	198.349206349	100	58.5748043525	74976	378	0.000633109623434	44553	2418.38196286	16	4099.61184365	-1	535.19905	3.327852	0.0	0.00104178356025	-1	-1	-1	1004994	-1	-1	720.01675	5.210221	0.0933513529412	-1	0.0	568.321758366	578.41318328	0.0	3.47483015506	0.00138584785871	0.0	-1	-1	-1	342.3664	1.6422385	0.0	-1	0	0	622	0	0	0	0	60342	1	0.0	-1	651.91635	3.2255925	0.0	82.109260102	1326.92396505	0.0	0.488983262828	0.00302070823311	0.0	-1	-1	-1	0	359773	0.0	0.0	-1	-1	-1	-1	-1	-1	0	-1	-1	0	0	-1	-1	-1	-1	-1	-1	-1	-1	-1	-1	-1	0	0	0	0	0	0	0	0	0	0	0	0	0	0	0	0	0	0	0	0	0	0	0	0	0	0	-1	-1	-1	0	-1	-1	-1	-1	-1	-1	-1	-1	-1	-1	0	0	-1	-1	0	0	-1	-1	-1	-1	-1	-1	-1	-1	-1	-1	-1	0	0	0	0	0	0	0	0	0	0	0	0	0	0	0	0.0	0	0	0	0	0	0	0	0	0	0	-1	-1	-1	0	-1	-1	-1	-1	-1	-1	-1	-1	-1	-1	0	0	-1	-1	0	0	-1	-1	-1	-1	-1	-1	-1	-1	-1	-1	-1	0	0	0	0	0	0	0	0	0	0	0	0	0	0	0	0.0	0	0	0	0	0	0	0	0	0	0	-1	-1	-1	0	-1	-1	-1	-1	-1	-1	-1	-1	-1	-1	0	0	-1	-1	0	0	-1	-1	-1	-1	-1	-1	-1	-1	-1	-1	-1	0	0	0	0	0	0	0	0	0	0	0	0	0	0	0	0.0	0	0	0	0	0	0	0	0	0	0	-1	-1	-1	0	-1	-1	-1	-1	-1	-1	-1	-1	-1	-1	0	0	-1	-1	0	0	-1	-1	-1	-1	-1	-1	-1	-1	-1	-1	-1	0	0	0	0	0	0	0	0	0	0	0	0	0	0	0	0	0	0	0	0	0	0	0	0	0	0	-1	-1	-1	0	-1	-1	-1	-1	-1	-1	-1	-1	-1	-1	0	0	-1	-1	0	0	-1	-1	-1	-1	-1	-1	-1	-1	-1	-1	-1	0	0	0	0	0	0	0	0	0	0	0	0	0	0	0	0.0	0	0	0	0	0	0	0	0	0	0	-1	-1	-1	0	-1	-1	-1	-1	-1	-1	-1	-1	-1	-1	0	0	-1	-1	0	0	-1	-1	-1	-1	-1	-1	-1	-1	-1	-1	-1	0	0	0	0	0	0	0	0	0	0	0	0	0	0	0	0.0	0	0	0	0	0	0	0	0	0	0	-1	-1	-1	0	-1	-1	-1	-1	-1	-1	-1	-1	-1	-1	0	0	-1	-1	0	0	-1	-1	-1	-1	-1	-1	-1	-1	-1	-1	-1	0	0	0	0	0	0	0	0	0	0	0	0	0	0	0	0.0	0	0	0	0	0	0	0	0	0	0	-1	-1	-1	0	-1	-1	-1	-1	-1	-1	-1	-1	-1	-1	0	0	-1	-1	0	0	-1	-1	-1	-1	-1	-1	-1	-1	-1	-1	-1	0	0	0	0	0	0	0	0	0	0	0	0	0	0	0	0.0	0	0	0	0	0	0	0	0	0	0	-1	-1	-1	0	-1	-1	-1	-1	-1	-1	-1	-1	-1	-1	0
MT208PN41036	EIVreport_4_4373000	0	300	166.182222222	100	50.583875037	74782	450	0.000691426920784	15156	1793.83964365	16	2384.02820987	-1	472.46435	3.002495	0.0	0.000545459015285	-1	-1	-1	893989	-1	-1	653.82865	3.9108135	0.0835314705882	-1	0.0	470.823031755	426.104225352	0.0	2.9947767839	0.0028329471807	0.0	-1	-1	-1	398.0682	1.827442	0.0	-1	0	0	355	0	0	0	0	53677	1	0.0	-1	596.4058	3.0290635	0.0	36.7572571002	1077.26310614	0.0	0.140588621127	0.00299296970358	0.0	-1	-1	-1	0	151267	0.0	0.0	-1	-1	-1	-1	-1	-1	0	-1	-1	0	0	-1	-1	-1	-1	-1	-1	-1	-1	-1	-1	-1	0	0	0	0	0	0	0	0	0	0	0	0	0	0	0	0.0	0	0	0	0	0	0	0	0	0	0	-1	-1	-1	0	-1	-1	-1	-1	-1	-1	-1	-1	-1	-1	0	0	-1	-1	0	0	-1	-1	-1	-1	-1	-1	-1	-1	-1	-1	-1	0	0	0	0	0	0	0	0	0	0	0	0	0	0	0	0.0	0	0	0	0	0	0	0	0	0	0	-1	-1	-1	0	-1	-1	-1	-1	-1	-1	-1	-1	-1	-1	0	0	-1	-1	0	0	-1	-1	-1	-1	-1	-1	-1	-1	-1	-1	-1	0	0	0	0	0	0	0	0	0	0	0	0	0	0	0	0.0	0	0	0	0	0	0	0	0	0	0	-1	-1	-1	0	-1	-1	-1	-1	-1	-1	-1	-1	-1	-1	0	0	-1	-1	0	0	-1	-1	-1	-1	-1	-1	-1	-1	-1	-1	-1	0	0	0	0	0	0	0	0	0	0	0	0	0	0	0	0.0	0	0	0	0	0	0	0	0	0	0	-1	-1	-1	0	-1	-1	-1	-1	-1	-1	-1	-1	-1	-1	0	0	-1	-1	0	0	-1	-1	-1	-1	-1	-1	-1	-1	-1	-1	-1	0	0	0	0	0	0	0	0	0	0	0	0	0	0	0	0	0	0	0	0	0	0	0	0	0	0	-1	-1	-1	0	-1	-1	-1	-1	-1	-1	-1	-1	-1	-1	0	0	-1	-1	0	0	-1	-1	-1	-1	-1	-1	-1	-1	-1	-1	-1	0	0	0	0	0	0	0	0	0	0	0	0	0	0	0	0	0	0	0	0	0	0	0	0	0	0	-1	-1	-1	0	-1	-1	-1	-1	-1	-1	-1	-1	-1	-1	0	0	-1	-1	0	0	-1	-1	-1	-1	-1	-1	-1	-1	-1	-1	-1	0	0	0	0	0	0	0	0	0	0	0	0	0	0	0	0.0	0	0	0	0	0	0	0	0	0	0	-1	-1	-1	0	-1	-1	-1	-1	-1	-1	-1	-1	-1	-1	0	0	-1	-1	0	0	-1	-1	-1	-1	-1	-1	-1	-1	-1	-1	-1	0	0	0	0	0	0	0	0	0	0	0	0	0	0	0	0.0	0	0	0	0	0	0	0	0	0	0	-1	-1	-1	0	-1	-1	-1	-1	-1	-1	-1	-1	-1	-1	0	0	-1	-1	0	0	-1	-1	-1	-1	-1	-1	-1	-1	-1	-1	-1	0	0	0	0	0	0	0	0	0	0	0	0	0	0	0	0.0	0	0	0	0	0	0	0	0	0	0	-1	-1	-1	0	-1	-1	-1	-1	-1	-1	-1	-1	-1	-1	0
MT208PN41036	EIVreport_3_3446000	0	300	166.132420091	100	53.035636731	72766	438	0.000689682320986	48084	2274.72540046	16	4741.13001885	-1	608.001	3.12798	0.0	0.000645593040192	-1	-1	-1	1072984	-1	-1	696.8141	4.926568	0.0776261176471	-1	0.0	477.487019852	878.780487805	0.0	3.02911617849	0.00291735145775	0.0	-1	-1	-1	379.4533	1.611468	0.0	-1	0	0	410	0	0	0	0	64424	1	0.0	-1	466.8008	3.028814	0.0	56.2934782836	2187.31019253	0.0	0.193992851466	0.00352771507221	0.0	-1	-1	-1	0	360300	0.0	0.0	-1	-1	-1	-1	-1	-1	0	-1	-1	0	0	-1	-1	-1	-1	-1	-1	-1	-1	-1	-1	-1	0	0	0	0	0	0	0	0	0	0	0	0	0	0	0	0.0	0	0	0	0	0	0	0	0	0	0	-1	-1	-1	0	-1	-1	-1	-1	-1	-1	-1	-1	-1	-1	0	0	-1	-1	0	0	-1	-1	-1	-1	-1	-1	-1	-1	-1	-1	-1	0	0	0	0	0	0	0	0	0	0	0	0	0	0	0	0.0	0	0	0	0	0	0	0	0	0	0	-1	-1	-1	0	-1	-1	-1	-1	-1	-1	-1	-1	-1	-1	0	0	-1	-1	0	0	-1	-1	-1	-1	-1	-1	-1	-1	-1	-1	-1	0	0	0	0	0	0	0	0	0	0	0	0	0	0	0	0.0	0	0	0	0	0	0	0	0	0	0	-1	-1	-1	0	-1	-1	-1	-1	-1	-1	-1	-1	-1	-1	0	0	-1	-1	0	0	-1	-1	-1	-1	-1	-1	-1	-1	-1	-1	-1	0	0	0	0	0	0	0	0	0	0	0	0	0	0	0	0.0	0	0	0	0	0	0	0	0	0	0	-1	-1	-1	0	-1	-1	-1	-1	-1	-1	-1	-1	-1	-1	0	0	-1	-1	0	0	-1	-1	-1	-1	-1	-1	-1	-1	-1	-1	-1	0	0	0	0	0	0	0	0	0	0	0	0	0	0	0	0	0	0	0	0	0	0	0	0	0	0	-1	-1	-1	0	-1	-1	-1	-1	-1	-1	-1	-1	-1	-1	0	0	-1	-1	0	0	-1	-1	-1	-1	-1	-1	-1	-1	-1	-1	-1	0	0	0	0	0	0	0	0	0	0	0	0	0	0	0	0	0	0	0	0	0	0	0	0	0	0	-1	-1	-1	0	-1	-1	-1	-1	-1	-1	-1	-1	-1	-1	0	0	-1	-1	0	0	-1	-1	-1	-1	-1	-1	-1	-1	-1	-1	-1	0	0	0	0	0	0	0	0	0	0	0	0	0	0	0	0.0	0	0	0	0	0	0	0	0	0	0	-1	-1	-1	0	-1	-1	-1	-1	-1	-1	-1	-1	-1	-1	0	0	-1	-1	0	0	-1	-1	-1	-1	-1	-1	-1	-1	-1	-1	-1	0	0	0	0	0	0	0	0	0	0	0	0	0	0	0	0.0	0	0	0	0	0	0	0	0	0	0	-1	-1	-1	0	-1	-1	-1	-1	-1	-1	-1	-1	-1	-1	0	0	-1	-1	0	0	-1	-1	-1	-1	-1	-1	-1	-1	-1	-1	-1	0	0	0	0	0	0	0	0	0	0	0	0	0	0	0	0.0	0	0	0	0	0	0	0	0	0	0	-1	-1	-1	0	-1	-1	-1	-1	-1	-1	-1	-1	-1	-1	0
MT208PN41018	MT208PN41018_allsc	0	300	178.472701149	100	39.805900045	248434	1392	0.00032195645909	168912	3781.93886774	16	6339.69903526	-1	671.2331	3.4965265	0.0	0.000562267350608	-1	-1	-1	5520940	-1	-1	844.5929	5.740097	0.1345745625	-1	0.0	634.661029941	395.917317976	0.0	3.46249272405	0.00158272426387	0.0	-1	-1	-1	307.2311	1.669257	0.0	-1	0	0	2431	0	0	0	0	331484	5	0.0	-1	653.28335	4.2216915	0.0	34.7889538032	3271.37085211	0.0	0.395631249023	0.00351912969258	0.0	-1	-1	-1	0	962475	0.0	0.0	-1	-1	-1	-1	-1	-1	0	-1	-1	0	0	-1	-1	-1	-1	-1	-1	-1	-1	-1	-1	-1	0	0	0	0	0	0	0	0	0	0	0	0	0	0	0	0	0	0	0	0	0	0	0	0	0	0	-1	-1	-1	0	-1	-1	-1	-1	-1	-1	-1	-1	-1	-1	0	0	-1	-1	0	0	-1	-1	-1	-1	-1	-1	-1	-1	-1	-1	-1	0	0	0	0	0	0	0	0	0	0	0	0	0	0	0	0.0	0	0	0	0	0	0	0	0	0	0	-1	-1	-1	0	-1	-1	-1	-1	-1	-1	-1	-1	-1	-1	0	0	-1	-1	0	0	-1	-1	-1	-1	-1	-1	-1	-1	-1	-1	-1	0	0	0	0	0	0	0	0	0	0	0	0	0	0	0	0	0	0	0	0	0	0	0	0	0	0	-1	-1	-1	0	-1	-1	-1	-1	-1	-1	-1	-1	-1	-1	0	0	-1	-1	0	0	-1	-1	-1	-1	-1	-1	-1	-1	-1	-1	-1	0	0	0	0	0	0	0	0	0	0	0	0	0	0	0	0.0	0	0	0	0	0	0	0	0	0	0	-1	-1	-1	0	-1	-1	-1	-1	-1	-1	-1	-1	-1	-1	0	0	-1	-1	0	0	-1	-1	-1	-1	-1	-1	-1	-1	-1	-1	-1	0	0	0	0	0	0	0	0	0	0	0	0	0	0	0	0	0	0	0	0	0	0	0	0	0	0	-1	-1	-1	0	-1	-1	-1	-1	-1	-1	-1	-1	-1	-1	0	0	-1	-1	0	0	-1	-1	-1	-1	-1	-1	-1	-1	-1	-1	-1	0	0	0	0	0	0	0	0	0	0	0	0	0	0	0	0.0	0	0	0	0	0	0	0	0	0	0	-1	-1	-1	0	-1	-1	-1	-1	-1	-1	-1	-1	-1	-1	0	0	-1	-1	0	0	-1	-1	-1	-1	-1	-1	-1	-1	-1	-1	-1	0	0	0	0	0	0	0	0	0	0	0	0	0	0	0	0.0	0	0	0	0	0	0	0	0	0	0	-1	-1	-1	0	-1	-1	-1	-1	-1	-1	-1	-1	-1	-1	0	0	-1	-1	0	0	-1	-1	-1	-1	-1	-1	-1	-1	-1	-1	-1	0	0	0	0	0	0	0	0	0	0	0	0	0	0	0	0.0	0	0	0	0	0	0	0	0	0	0	-1	-1	-1	0	-1	-1	-1	-1	-1	-1	-1	-1	-1	-1	0	0	-1	-1	0	0	-1	-1	-1	-1	-1	-1	-1	-1	-1	-1	-1	0	0	0	0	0	0	0	0	0	0	0	0	0	0	0	0.0	0	0	0	0	0	0	0	0	0	0	-1	-1	-1	0	-1	-1	-1	-1	-1	-1	-1	-1	-1	-1	0
MT208PN41018	EIVreport_2_2498000	0	300	176.340369393	100	42.2653213304	66833	379	0.000335014001641	26599	3412.4973545	16	3047.12858726	-1	649.20235	3.3161185	0.0	0.000619643311742	-1	-1	-1	1359988	-1	-1	843.8819	5.740097	0.13062	-1	0.0	616.303546497	222.867332382	0.0	3.41767969206	0.00162769017475	0.0	-1	-1	-1	307.2311	1.715627	0.0	-1	0	0	701	0	0	0	0	81655	1	0.0	-1	646.4408	2.8907835	0.0	30.1473848775	179.743828274	0.0	0.361048584346	0.00389966843217	0.0	-1	-1	-1	0	156230	0.0	0.0	-1	-1	-1	-1	-1	-1	0	-1	-1	0	0	-1	-1	-1	-1	-1	-1	-1	-1	-1	-1	-1	0	0	0	0	0	0	0	0	0	0	0	0	0	0	0	0.0	0	0	0	0	0	0	0	0	0	0	-1	-1	-1	0	-1	-1	-1	-1	-1	-1	-1	-1	-1	-1	0	0	-1	-1	0	0	-1	-1	-1	-1	-1	-1	-1	-1	-1	-1	-1	0	0	0	0	0	0	0	0	0	0	0	0	0	0	0	0.0	0	0	0	0	0	0	0	0	0	0	-1	-1	-1	0	-1	-1	-1	-1	-1	-1	-1	-1	-1	-1	0	0	-1	-1	0	0	-1	-1	-1	-1	-1	-1	-1	-1	-1	-1	-1	0	0	0	0	0	0	0	0	0	0	0	0	0	0	0	0.0	0	0	0	0	0	0	0	0	0	0	-1	-1	-1	0	-1	-1	-1	-1	-1	-1	-1	-1	-1	-1	0	0	-1	-1	0	0	-1	-1	-1	-1	-1	-1	-1	-1	-1	-1	-1	0	0	0	0	0	0	0	0	0	0	0	0	0	0	0	0.0	0	0	0	0	0	0	0	0	0	0	-1	-1	-1	0	-1	-1	-1	-1	-1	-1	-1	-1	-1	-1	0	0	-1	-1	0	0	-1	-1	-1	-1	-1	-1	-1	-1	-1	-1	-1	0	0	0	0	0	0	0	0	0	0	0	0	0	0	0	0	0	0	0	0	0	0	0	0	0	0	-1	-1	-1	0	-1	-1	-1	-1	-1	-1	-1	-1	-1	-1	0	0	-1	-1	0	0	-1	-1	-1	-1	-1	-1	-1	-1	-1	-1	-1	0	0	0	0	0	0	0	0	0	0	0	0	0	0	0	0.0	0	0	0	0	0	0	0	0	0	0	-1	-1	-1	0	-1	-1	-1	-1	-1	-1	-1	-1	-1	-1	0	0	-1	-1	0	0	-1	-1	-1	-1	-1	-1	-1	-1	-1	-1	-1	0	0	0	0	0	0	0	0	0	0	0	0	0	0	0	0.0	0	0	0	0	0	0	0	0	0	0	-1	-1	-1	0	-1	-1	-1	-1	-1	-1	-1	-1	-1	-1	0	0	-1	-1	0	0	-1	-1	-1	-1	-1	-1	-1	-1	-1	-1	-1	0	0	0	0	0	0	0	0	0	0	0	0	0	0	0	0.0	0	0	0	0	0	0	0	0	0	0	-1	-1	-1	0	-1	-1	-1	-1	-1	-1	-1	-1	-1	-1	0	0	-1	-1	0	0	-1	-1	-1	-1	-1	-1	-1	-1	-1	-1	-1	0	0	0	0	0	0	0	0	0	0	0	0	0	0	0	0.0	0	0	0	0	0	0	0	0	0	0	-1	-1	-1	0	-1	-1	-1	-1	-1	-1	-1	-1	-1	-1	0
MT208PN41018	EIVreport_5_5714000	0	300	171.479099678	100	32.5425584451	53330	311	0.000372788143659	27449	2871.83225806	17	2320.81881215	-1	671.2331	3.4965265	0.0	0.000414741793267	-1	-1	-1	947995	-1	-1	750.32745	5.06778	0.0872545294118	-1	0.0	660.655868484	261.901734104	0.0	3.40169584992	0.00142225899267	0.0	-1	-1	-1	333.4789	1.767233	0.0	-1	0	0	346	0	0	0	0	56919	1	0.0	-1	603.83285	3.1037745	0.0	36.4240076776	820.066474257	0.0	0.275487018303	0.00259538946925	0.0	-1	-1	-1	0	90618	0.0	0.0	-1	-1	-1	-1	-1	-1	0	-1	-1	0	0	-1	-1	-1	-1	-1	-1	-1	-1	-1	-1	-1	0	0	0	0	0	0	0	0	0	0	0	0	0	0	0	0.0	0	0	0	0	0	0	0	0	0	0	-1	-1	-1	0	-1	-1	-1	-1	-1	-1	-1	-1	-1	-1	0	0	-1	-1	0	0	-1	-1	-1	-1	-1	-1	-1	-1	-1	-1	-1	0	0	0	0	0	0	0	0	0	0	0	0	0	0	0	0.0	0	0	0	0	0	0	0	0	0	0	-1	-1	-1	0	-1	-1	-1	-1	-1	-1	-1	-1	-1	-1	0	0	-1	-1	0	0	-1	-1	-1	-1	-1	-1	-1	-1	-1	-1	-1	0	0	0	0	0	0	0	0	0	0	0	0	0	0	0	0.0	0	0	0	0	0	0	0	0	0	0	-1	-1	-1	0	-1	-1	-1	-1	-1	-1	-1	-1	-1	-1	0	0	-1	-1	0	0	-1	-1	-1	-1	-1	-1	-1	-1	-1	-1	-1	0	0	0	0	0	0	0	0	0	0	0	0	0	0	0	0.0	0	0	0	0	0	0	0	0	0	0	-1	-1	-1	0	-1	-1	-1	-1	-1	-1	-1	-1	-1	-1	0	0	-1	-1	0	0	-1	-1	-1	-1	-1	-1	-1	-1	-1	-1	-1	0	0	0	0	0	0	0	0	0	0	0	0	0	0	0	0.0	0	0	0	0	0	0	0	0	0	0	-1	-1	-1	0	-1	-1	-1	-1	-1	-1	-1	-1	-1	-1	0	0	-1	-1	0	0	-1	-1	-1	-1	-1	-1	-1	-1	-1	-1	-1	0	0	0	0	0	0	0	0	0	0	0	0	0	0	0	0.0	0	0	0	0	0	0	0	0	0	0	-1	-1	-1	0	-1	-1	-1	-1	-1	-1	-1	-1	-1	-1	0	0	-1	-1	0	0	-1	-1	-1	-1	-1	-1	-1	-1	-1	-1	-1	0	0	0	0	0	0	0	0	0	0	0	0	0	0	0	0.0	0	0	0	0	0	0	0	0	0	0	-1	-1	-1	0	-1	-1	-1	-1	-1	-1	-1	-1	-1	-1	0	0	-1	-1	0	0	-1	-1	-1	-1	-1	-1	-1	-1	-1	-1	-1	0	0	0	0	0	0	0	0	0	0	0	0	0	0	0	0.0	0	0	0	0	0	0	0	0	0	0	-1	-1	-1	0	-1	-1	-1	-1	-1	-1	-1	-1	-1	-1	0	0	-1	-1	0	0	-1	-1	-1	-1	-1	-1	-1	-1	-1	-1	-1	0	0	0	0	0	0	0	0	0	0	0	0	0	0	0	0.0	0	0	0	0	0	0	0	0	0	0	-1	-1	-1	0	-1	-1	-1	-1	-1	-1	-1	-1	-1	-1	0
MT208PN41018	EIVreport_1_1074000	0	300	176.56916996	100	36.963841165	44672	253	0.00031038907823	90472	4047.73412698	16	6528.33076082	-1	642.52615	3.4970735	0.0	0.000429392005457	-1	-1	-1	1073978	-1	-1	819.7108	5.449111	0.109275735294	-1	0.0	619.632049001	659.897142857	0.0	3.80838194829	0.00124580042842	0.0	-1	-1	-1	331.0815	1.669257	0.0	-1	0	0	350	0	0	0	0	64483	1	0.0	-1	653.28335	4.2216915	0.0	31.5659004302	1773.10584539	0.0	0.429506774006	0.00288741655799	0.0	-1	-1	-1	0	230964	0.0	0.0	-1	-1	-1	-1	-1	-1	0	-1	-1	0	0	-1	-1	-1	-1	-1	-1	-1	-1	-1	-1	-1	0	0	0	0	0	0	0	0	0	0	0	0	0	0	0	0	0	0	0	0	0	0	0	0	0	0	-1	-1	-1	0	-1	-1	-1	-1	-1	-1	-1	-1	-1	-1	0	0	-1	-1	0	0	-1	-1	-1	-1	-1	-1	-1	-1	-1	-1	-1	0	0	0	0	0	0	0	0	0	0	0	0	0	0	0	0.0	0	0	0	0	0	0	0	0	0	0	-1	-1	-1	0	-1	-1	-1	-1	-1	-1	-1	-1	-1	-1	0	0	-1	-1	0	0	-1	-1	-1	-1	-1	-1	-1	-1	-1	-1	-1	0	0	0	0	0	0	0	0	0	0	0	0	0	0	0	0	0	0	0	0	0	0	0	0	0	0	-1	-1	-1	0	-1	-1	-1	-1	-1	-1	-1	-1	-1	-1	0	0	-1	-1	0	0	-1	-1	-1	-1	-1	-1	-1	-1	-1	-1	-1	0	0	0	0	0	0	0	0	0	0	0	0	0	0	0	0.0	0	0	0	0	0	0	0	0	0	0	-1	-1	-1	0	-1	-1	-1	-1	-1	-1	-1	-1	-1	-1	0	0	-1	-1	0	0	-1	-1	-1	-1	-1	-1	-1	-1	-1	-1	-1	0	0	0	0	0	0	0	0	0	0	0	0	0	0	0	0	0	0	0	0	0	0	0	0	0	0	-1	-1	-1	0	-1	-1	-1	-1	-1	-1	-1	-1	-1	-1	0	0	-1	-1	0	0	-1	-1	-1	-1	-1	-1	-1	-1	-1	-1	-1	0	0	0	0	0	0	0	0	0	0	0	0	0	0	0	0.0	0	0	0	0	0	0	0	0	0	0	-1	-1	-1	0	-1	-1	-1	-1	-1	-1	-1	-1	-1	-1	0	0	-1	-1	0	0	-1	-1	-1	-1	-1	-1	-1	-1	-1	-1	-1	0	0	0	0	0	0	0	0	0	0	0	0	0	0	0	0.0	0	0	0	0	0	0	0	0	0	0	-1	-1	-1	0	-1	-1	-1	-1	-1	-1	-1	-1	-1	-1	0	0	-1	-1	0	0	-1	-1	-1	-1	-1	-1	-1	-1	-1	-1	-1	0	0	0	0	0	0	0	0	0	0	0	0	0	0	0	0.0	0	0	0	0	0	0	0	0	0	0	-1	-1	-1	0	-1	-1	-1	-1	-1	-1	-1	-1	-1	-1	0	0	-1	-1	0	0	-1	-1	-1	-1	-1	-1	-1	-1	-1	-1	-1	0	0	0	0	0	0	0	0	0	0	0	0	0	0	0	0.0	0	0	0	0	0	0	0	0	0	0	-1	-1	-1	0	-1	-1	-1	-1	-1	-1	-1	-1	-1	-1	0
MT208PN41018	EIVreport_4_4728000	0	266	204.395833333	133	28.1861136652	9811	48	0.000318778017599	168912	7245.12765957	800	24435.0079338	-1	592.5664	3.2635715	0.0	0.000757097791798	-1	-1	-1	361990	-1	-1	724.0314	5.427877	0.0870160588235	-1	0.0	589.970171923	1780.54385965	0.0	3.38933328431	0.00131780836381	0.0	-1	-1	-1	421.7088	1.979102	0.0	-1	0	0	114	0	0	0	0	21735	1	0.0	-1	655.9917	3.139882	0.0	21.9041089906	14638.9175607	0.0	0.311813616102	0.00320806639022	0.0	-1	-1	-1	0	202982	0.0	0.0	-1	-1	-1	-1	-1	-1	0	-1	-1	0	0	-1	-1	-1	-1	-1	-1	-1	-1	-1	-1	-1	0	0	0	0	0	0	0	0	0	0	0	0	0	0	0	0.0	0	0	0	0	0	0	0	0	0	0	-1	-1	-1	0	-1	-1	-1	-1	-1	-1	-1	-1	-1	-1	0	0	-1	-1	0	0	-1	-1	-1	-1	-1	-1	-1	-1	-1	-1	-1	0	0	0	0	0	0	0	0	0	0	0	0	0	0	0	0.0	0	0	0	0	0	0	0	0	0	0	-1	-1	-1	0	-1	-1	-1	-1	-1	-1	-1	-1	-1	-1	0	0	-1	-1	0	0	-1	-1	-1	-1	-1	-1	-1	-1	-1	-1	-1	0	0	0	0	0	0	0	0	0	0	0	0	0	0	0	0.0	0	0	0	0	0	0	0	0	0	0	-1	-1	-1	0	-1	-1	-1	-1	-1	-1	-1	-1	-1	-1	0	0	-1	-1	0	0	-1	-1	-1	-1	-1	-1	-1	-1	-1	-1	-1	0	0	0	0	0	0	0	0	0	0	0	0	0	0	0	0.0	0	0	0	0	0	0	0	0	0	0	-1	-1	-1	0	-1	-1	-1	-1	-1	-1	-1	-1	-1	-1	0	0	-1	-1	0	0	-1	-1	-1	-1	-1	-1	-1	-1	-1	-1	-1	0	0	0	0	0	0	0	0	0	0	0	0	0	0	0	0.0	0	0	0	0	0	0	0	0	0	0	-1	-1	-1	0	-1	-1	-1	-1	-1	-1	-1	-1	-1	-1	0	0	-1	-1	0	0	-1	-1	-1	-1	-1	-1	-1	-1	-1	-1	-1	0	0	0	0	0	0	0	0	0	0	0	0	0	0	0	0	0	0	0	0	0	0	0	0	0	0	-1	-1	-1	0	-1	-1	-1	-1	-1	-1	-1	-1	-1	-1	0	0	-1	-1	0	0	-1	-1	-1	-1	-1	-1	-1	-1	-1	-1	-1	0	0	0	0	0	0	0	0	0	0	0	0	0	0	0	0.0	0	0	0	0	0	0	0	0	0	0	-1	-1	-1	0	-1	-1	-1	-1	-1	-1	-1	-1	-1	-1	0	0	-1	-1	0	0	-1	-1	-1	-1	-1	-1	-1	-1	-1	-1	-1	0	0	0	0	0	0	0	0	0	0	0	0	0	0	0	0.0	0	0	0	0	0	0	0	0	0	0	-1	-1	-1	0	-1	-1	-1	-1	-1	-1	-1	-1	-1	-1	0	0	-1	-1	0	0	-1	-1	-1	-1	-1	-1	-1	-1	-1	-1	-1	0	0	0	0	0	0	0	0	0	0	0	0	0	0	0	0.0	0	0	0	0	0	0	0	0	0	0	-1	-1	-1	0	-1	-1	-1	-1	-1	-1	-1	-1	-1	-1	0
MT208PN41018	EIVreport_3_4317000	0	300	184.009975062	100	43.4872958489	73788	401	0.000288005400999	53631	4254.7125	16	5227.93190563	-1	663.4204	3.5366425	0.0	0.000660760520995	-1	-1	-1	1776989	-1	-1	844.5929	5.716773	0.1345745625	-1	0.0	647.634773721	306.175	0.0	3.34076688696	0.00187452735422	0.0	-1	-1	-1	336.828	1.6860395	0.0	-1	0	0	920	0	0	0	0	106692	1	0.0	-1	647.18295	2.9909225	0.0	19.8600431849	417.848006198	0.0	0.356194344908	0.0040007540402	0.0	-1	-1	-1	0	281681	0.0	0.0	-1	-1	-1	-1	-1	-1	0	-1	-1	0	0	-1	-1	-1	-1	-1	-1	-1	-1	-1	-1	-1	0	0	0	0	0	0	0	0	0	0	0	0	0	0	0	0.0	0	0	0	0	0	0	0	0	0	0	-1	-1	-1	0	-1	-1	-1	-1	-1	-1	-1	-1	-1	-1	0	0	-1	-1	0	0	-1	-1	-1	-1	-1	-1	-1	-1	-1	-1	-1	0	0	0	0	0	0	0	0	0	0	0	0	0	0	0	0.0	0	0	0	0	0	0	0	0	0	0	-1	-1	-1	0	-1	-1	-1	-1	-1	-1	-1	-1	-1	-1	0	0	-1	-1	0	0	-1	-1	-1	-1	-1	-1	-1	-1	-1	-1	-1	0	0	0	0	0	0	0	0	0	0	0	0	0	0	0	0.0	0	0	0	0	0	0	0	0	0	0	-1	-1	-1	0	-1	-1	-1	-1	-1	-1	-1	-1	-1	-1	0	0	-1	-1	0	0	-1	-1	-1	-1	-1	-1	-1	-1	-1	-1	-1	0	0	0	0	0	0	0	0	0	0	0	0	0	0	0	0.0	0	0	0	0	0	0	0	0	0	0	-1	-1	-1	0	-1	-1	-1	-1	-1	-1	-1	-1	-1	-1	0	0	-1	-1	0	0	-1	-1	-1	-1	-1	-1	-1	-1	-1	-1	-1	0	0	0	0	0	0	0	0	0	0	0	0	0	0	0	0.0	0	0	0	0	0	0	0	0	0	0	-1	-1	-1	0	-1	-1	-1	-1	-1	-1	-1	-1	-1	-1	0	0	-1	-1	0	0	-1	-1	-1	-1	-1	-1	-1	-1	-1	-1	-1	0	0	0	0	0	0	0	0	0	0	0	0	0	0	0	0.0	0	0	0	0	0	0	0	0	0	0	-1	-1	-1	0	-1	-1	-1	-1	-1	-1	-1	-1	-1	-1	0	0	-1	-1	0	0	-1	-1	-1	-1	-1	-1	-1	-1	-1	-1	-1	0	0	0	0	0	0	0	0	0	0	0	0	0	0	0	0.0	0	0	0	0	0	0	0	0	0	0	-1	-1	-1	0	-1	-1	-1	-1	-1	-1	-1	-1	-1	-1	0	0	-1	-1	0	0	-1	-1	-1	-1	-1	-1	-1	-1	-1	-1	-1	0	0	0	0	0	0	0	0	0	0	0	0	0	0	0	0.0	0	0	0	0	0	0	0	0	0	0	-1	-1	-1	0	-1	-1	-1	-1	-1	-1	-1	-1	-1	-1	0	0	-1	-1	0	0	-1	-1	-1	-1	-1	-1	-1	-1	-1	-1	-1	0	0	0	0	0	0	0	0	0	0	0	0	0	0	0	0.0	0	0	0	0	0	0	0	0	0	0	-1	-1	-1	0	-1	-1	-1	-1	-1	-1	-1	-1	-1	-1	0
