MT208PN41005,MTBrowsingPageEvent,15:11:08.000,00:31:20.451,(punctual),29,00:03:06.471,186.471,1
MT208PN41005,MTBrowsingPageEvent,15:14:15.000,00:34:26.922,(punctual),30,00:02:45.170,165.017,1
MT208PN41005,MTBrowsingPageEvent,15:17:00.000,00:37:11.939,(punctual),31,00:02:40.267,160.267,1
MT208PN41005,MTBrowsingPageEvent,15:19:40.000,00:39:52.206,(punctual),32,00:01:09.406,69.406,1
MT208PN41005,MTBrowsingPageEvent,15:20:50.000,00:41:01.612,(punctual),33,00:00:20.578,20.578,1
MT208PN41005,MTBrowsingPageEvent,15:21:10.000,00:41:22.190,(punctual),31,00:00:06.938,6.938,1
MT208PN41005,MTBrowsingPageEvent,15:21:17.000,00:41:29.128,(punctual),33,00:00:57.250,57.25,1
MT208PN41005,MTBrowsingPageEvent,15:22:14.000,00:42:26.378,(punctual),32,00:00:00.594,0.594,1
MT208PN41005,MTBrowsingPageEvent,15:22:15.000,00:42:26.972,(punctual),31,00:00:04.390,4.39,1
MT208PN41005,MTBrowsingPageEvent,15:22:19.000,00:42:31.362,(punctual),30,00:00:00.141,0.141,1
MT208PN41005,MTBrowsingPageEvent,15:22:20.000,00:42:31.503,(punctual),29,00:00:00.310,0.031,1
MT208PN41005,MTBrowsingPageEvent,15:22:20.000,00:42:31.534,(punctual),32,00:00:00.470,0.047,1
MT208PN41005,MTBrowsingPageEvent,15:22:20.000,00:42:31.581,(punctual),33,00:00:07.359,7.359,1
MT208PN41005,MTBrowsingPageEvent,15:22:27.000,00:42:38.940,(punctual),32,00:00:05.953,5.953,1
MT208PN41005,MTBrowsingPageEvent,15:22:33.000,00:42:44.893,(punctual),31,00:00:07.485,7.485,1
MT208PN41005,MTBrowsingPageEvent,15:22:40.000,00:42:52.378,(punctual),30,00:00:15.812,15.812,1
MT208PN41005,MTBrowsingPageEvent,15:22:56.000,00:43:08.190,(punctual),29,00:00:01.172,1.172,1
MT208PN41005,MTBrowsingPageEvent,15:22:57.000,00:43:09.362,(punctual),34,00:03:29.219,209.219,1
MT208PN41005,MTBrowsingPageEvent,15:27:03.000,00:47:14.753,(punctual),35,00:01:03.456,63.456,1
MT208PN41005,MTBrowsingPageEvent,15:28:06.000,00:48:18.209,(punctual),25,00:03:35.916,215.916,0
MT208PN41005,MTBrowsingPageEvent,15:32:00.000,00:52:12.204,(punctual),1,00:01:05.907,65.907,1
MT208PN41005,MTBrowsingPageEvent,15:33:06.000,00:53:18.111,(punctual),2,00:00:36.579,36.579,1
MT208PN41005,MTBrowsingPageEvent,15:33:43.000,00:53:54.690,(punctual),3,00:00:01.266,1.266,0
MT208PN41005,MTBrowsingPageEvent,15:33:44.000,00:53:55.956,(punctual),4,00:00:02.187,2.187,0.5
MT208PN41005,MTBrowsingPageEvent,15:33:46.000,00:53:58.143,(punctual),5,00:00:01.594,1.594,0.5
MT208PN41005,MTBrowsingPageEvent,15:33:48.000,00:53:59.737,(punctual),6,00:00:01.630,1.063,1
MT208PN41005,MTBrowsingPageEvent,15:33:49.000,00:54:00.800,(punctual),7,00:00:01.609,1.609,0
MT208PN41005,MTBrowsingPageEvent,15:33:50.000,00:54:02.409,(punctual),6,00:00:40.360,40.36,1
MT208PN41005,MTBrowsingPageEvent,15:34:31.000,00:54:42.769,(punctual),7,00:00:13.610,13.61,0
MT208PN41005,MTBrowsingPageEvent,15:34:44.000,00:54:56.379,(punctual),8,00:00:03.281,3.281,0
MT208PN41005,MTBrowsingPageEvent,15:34:48.000,00:54:59.660,(punctual),9,00:00:00.547,0.547,0
MT208PN41005,MTBrowsingPageEvent,15:34:48.000,00:55:00.207,(punctual),10,00:00:00.937,0.937,0.5
MT208PN41005,MTBrowsingPageEvent,15:34:49.000,00:55:01.144,(punctual),9,00:00:19.751,19.751,0
MT208PN41005,MTBrowsingPageEvent,15:35:09.000,00:55:20.895,(punctual),10,00:00:02.156,2.156,0.5
MT208PN41005,MTBrowsingPageEvent,15:35:11.000,00:55:23.051,(punctual),11,00:00:01.297,1.297,0.5
MT208PN41005,MTBrowsingPageEvent,15:35:12.000,00:55:24.348,(punctual),12,00:00:01.125,1.125,0
MT208PN41005,MTBrowsingPageEvent,15:35:14.000,00:55:25.473,(punctual),13,00:00:01.563,1.563,0.5
MT208PN41005,MTBrowsingPageEvent,15:35:15.000,00:55:27.036,(punctual),14,00:00:01.765,1.765,0.5
MT208PN41005,MTBrowsingPageEvent,15:35:17.000,00:55:28.801,(punctual),15,00:00:00.813,0.813,0.5
MT208PN41005,MTBrowsingPageEvent,15:35:18.000,00:55:29.614,(punctual),16,00:00:01.797,1.797,0.5
MT208PN41005,MTBrowsingPageEvent,15:35:19.000,00:55:31.411,(punctual),17,00:00:01.390,1.39,0.5
MT208PN41005,MTBrowsingPageEvent,15:35:21.000,00:55:32.801,(punctual),18,00:00:01.203,1.203,0
MT208PN41005,MTBrowsingPageEvent,15:35:22.000,00:55:34.004,(punctual),19,00:00:01.594,1.594,0
MT208PN41005,MTBrowsingPageEvent,15:35:24.000,00:55:35.598,(punctual),20,00:00:01.110,1.11,0
MT208PN41005,MTBrowsingPageEvent,15:35:25.000,00:55:36.708,(punctual),21,00:00:02.515,2.515,0
MT208PN41005,MTBrowsingPageEvent,15:35:27.000,00:55:39.223,(punctual),22,00:00:02.630,2.063,0.5
MT208PN41005,MTBrowsingPageEvent,15:35:29.000,00:55:41.286,(punctual),23,00:00:00.859,0.859,0.5
MT208PN41005,MTBrowsingPageEvent,15:35:30.000,00:55:42.145,(punctual),24,00:00:04.782,4.782,0.5
MT208PN41005,MTBrowsingPageEvent,15:35:35.000,00:55:46.927,(punctual),25,00:00:38.780,38.078,1
MT208PN41005,MTBrowsingPageEvent,15:36:13.000,00:56:25.005,(punctual),26,00:00:12.344,12.344,0.5
MT208PN41005,MTBrowsingPageEvent,15:36:25.000,00:56:37.349,(punctual),27,00:00:08.969,8.969,1
MT208PN41005,MTBrowsingPageEvent,15:36:34.000,00:56:46.318,(punctual),28,00:00:06.320,6.032,0.5
MT208PN41005,MTBrowsingPageEvent,15:36:40.000,00:56:52.350,(punctual),0,00:03:17.845,197.845,1
MT208PN41005,MTBrowsingPageEvent,15:40:47.000,01:00:58.852,(punctual),8,00:00:02.734,2.734,0
MT208PN41005,MTBrowsingPageEvent,15:40:50.000,01:01:01.586,(punctual),6,00:00:11.940,11.094,0
MT208PN41005,MTBrowsingPageEvent,15:41:01.000,01:01:12.680,(punctual),13,00:00:01.765,1.765,1
MT208PN41005,MTBrowsingPageEvent,15:41:02.000,01:01:14.445,(punctual),14,00:00:00.750,0.75,1
MT208PN41005,MTBrowsingPageEvent,15:41:03.000,01:01:15.195,(punctual),15,00:00:00.438,0.438,1
MT208PN41005,MTBrowsingPageEvent,15:41:04.000,01:01:15.633,(punctual),16,00:00:05.844,5.844,1
MT208PN41005,MTBrowsingPageEvent,15:41:10.000,01:01:21.477,(punctual),18,00:00:00.953,0.953,0.5
MT208PN41005,MTBrowsingPageEvent,15:41:10.000,01:01:22.430,(punctual),17,00:00:03.828,3.828,1
MT208PN41005,MTBrowsingPageEvent,15:41:14.000,01:01:26.258,(punctual),20,00:00:00.453,0.453,0
MT208PN41005,MTBrowsingPageEvent,15:41:15.000,01:01:26.711,(punctual),19,00:00:00.391,0.391,0
MT208PN41005,MTBrowsingPageEvent,15:41:15.000,01:01:27.102,(punctual),18,00:01:39.660,99.66,0.5
MT208PN41005,MTBrowsingPageEvent,15:45:31.000,01:05:43.028,(punctual),19,00:00:03.109,3.109,0
MT208PN41005,MTBrowsingPageEvent,15:45:34.000,01:05:46.137,(punctual),20,00:01:36.443,96.443,0
MT208PN41005,MTBrowsingPageEvent,15:47:11.000,01:07:22.580,(punctual),21,00:00:19.188,19.188,0
MT208PN41005,MTBrowsingPageEvent,15:47:30.000,01:07:41.768,(punctual),22,00:00:00.984,0.984,1
MT208PN41005,MTBrowsingPageEvent,15:47:31.000,01:07:42.752,(punctual),23,00:00:01.626,1.626,1
MT208PN41005,MTBrowsingPageEvent,15:47:32.000,01:07:44.378,(punctual),22,00:02:40.584,160.584,1
MT208PN41005,MTBrowsingPageEvent,15:50:13.000,01:10:24.962,(punctual),23,00:00:07.735,7.735,1
MT208PN41005,MTBrowsingPageEvent,15:50:21.000,01:10:32.697,(punctual),24,00:00:24.250,24.25,1
MT208PN41005,MTBrowsingPageEvent,15:50:45.000,01:10:56.947,(punctual),17,00:01:56.784,116.784,1
MT208PN41005,MTBrowsingPageEvent,15:52:42.000,01:12:53.731,(punctual),18,00:00:32.578,32.578,0.5
MT208PN41005,MTBrowsingPageEvent,15:53:14.000,01:13:26.309,(punctual),19,00:00:00.829,0.829,0
MT208PN41005,MTBrowsingPageEvent,15:53:15.000,01:13:27.138,(punctual),17,00:00:01.875,1.875,1
MT208PN41005,MTBrowsingPageEvent,15:53:17.000,01:13:29.013,(punctual),20,00:00:00.718,0.718,0
MT208PN41005,MTBrowsingPageEvent,15:53:18.000,01:13:29.731,(punctual),21,00:00:01.000,1.0,0
MT208PN41005,MTBrowsingPageEvent,15:53:19.000,01:13:30.731,(punctual),22,00:00:00.860,0.86,1
MT208PN41005,MTBrowsingPageEvent,15:53:20.000,01:13:31.591,(punctual),23,00:00:01.922,1.922,1
MT208PN41005,MTBrowsingPageEvent,15:53:22.000,01:13:33.513,(punctual),24,00:00:00.640,0.64,1
MT208PN41005,MTBrowsingPageEvent,15:53:22.000,01:13:34.153,(punctual),25,00:00:00.516,0.516,0
MT208PN41005,MTBrowsingPageEvent,15:53:23.000,01:13:34.669,(punctual),26,00:00:01.609,1.609,0
MT208PN41005,MTBrowsingPageEvent,15:53:24.000,01:13:36.278,(punctual),14,00:00:01.797,1.797,1
MT208PN41005,MTBrowsingPageEvent,15:53:26.000,01:13:38.075,(punctual),15,00:00:14.160,14.016,1
MT208PN41005,MTBrowsingPageEvent,15:53:40.000,01:13:52.091,(punctual),16,00:00:02.172,2.172,1
MT208PN41005,MTBrowsingPageEvent,15:53:42.000,01:13:54.263,(punctual),14,00:00:16.125,16.125,1
MT208PN41005,MTBrowsingPageEvent,15:53:58.000,01:14:10.388,(punctual),10,00:00:00.422,0.422,0
MT208PN41005,MTBrowsingPageEvent,15:53:59.000,01:14:10.810,(punctual),8,00:00:02.172,2.172,0
MT208PN41005,MTBrowsingPageEvent,15:54:01.000,01:14:12.982,(punctual),10,00:00:01.780,1.078,0
MT208PN41005,MTBrowsingPageEvent,15:54:02.000,01:14:14.060,(punctual),12,00:00:00.344,0.344,0
MT208PN41005,MTBrowsingPageEvent,15:54:02.000,01:14:14.404,(punctual),11,00:00:00.344,0.344,0
MT208PN41005,MTBrowsingPageEvent,15:54:03.000,01:14:14.748,(punctual),13,00:00:01.640,1.64,1
MT208PN41005,MTBrowsingPageEvent,15:54:04.000,01:14:16.388,(punctual),22,00:00:01.907,1.907,1
MT208PN41005,MTBrowsingPageEvent,15:54:06.000,01:14:18.295,(punctual),20,00:00:12.000,12.0,0
MT208PN41005,MTBrowsingPageEvent,15:54:18.000,01:14:30.295,(punctual),21,00:00:00.594,0.594,0
MT208PN41005,MTBrowsingPageEvent,15:54:19.000,01:14:30.889,(punctual),19,00:00:00.781,0.781,0
MT208PN41005,MTBrowsingPageEvent,15:54:20.000,01:14:31.670,(punctual),23,00:03:18.423,198.423,1
MT208PN41005,MTBrowsingPageEvent,15:57:38.000,01:17:50.093,(punctual),8,00:00:30.953,30.953,1
MT208PN41005,MTBrowsingPageEvent,15:58:09.000,01:18:21.046,(punctual),7,00:00:21.188,21.188,1
MT208PN41005,MTBrowsingPageEvent,15:58:30.000,01:18:42.234,(punctual),8,00:00:00.500,0.5,1
MT208PN41005,MTBrowsingPageEvent,15:58:31.000,01:18:42.734,(punctual),9,00:00:10.594,10.594,1
MT208PN41005,MTBrowsingPageEvent,15:58:41.000,01:18:53.328,(punctual),10,00:00:33.141,33.141,1
MT208PN41005,MTBrowsingPageEvent,15:59:45.000,01:19:56.813,(punctual),9,00:00:05.437,5.437,1
MT208PN41005,MTBrowsingPageEvent,15:59:50.000,01:20:02.250,(punctual),10,00:00:06.656,6.656,1
MT208PN41005,MTBrowsingPageEvent,15:59:57.000,01:20:08.906,(punctual),11,00:00:11.907,11.907,1
MT208PN41005,MTBrowsingPageEvent,16:00:09.000,01:20:20.813,(punctual),12,00:00:13.640,13.64,1
MT208PN41005,MTBrowsingPageEvent,16:00:22.000,01:20:34.453,(punctual),13,00:00:03.160,3.016,0
MT208PN41005,MTBrowsingPageEvent,16:00:25.000,01:20:37.469,(punctual),12,00:00:00.594,0.594,1
MT208PN41005,MTBrowsingPageEvent,16:00:26.000,01:20:38.063,(punctual),11,00:00:01.281,1.281,1
MT208PN41005,MTBrowsingPageEvent,16:00:27.000,01:20:39.344,(punctual),10,00:00:00.640,0.64,1
MT208PN41005,MTBrowsingPageEvent,16:00:28.000,01:20:39.984,(punctual),9,00:00:00.719,0.719,1
MT208PN41005,MTBrowsingPageEvent,16:00:29.000,01:20:40.703,(punctual),8,00:03:47.977,227.977,1
MT208PN41005,MTBrowsingPageEvent,16:04:17.000,01:24:28.680,(punctual),19,00:02:28.225,148.225,1
MT208PN41005,MTBrowsingPageEvent,16:06:45.000,01:26:56.905,(punctual),20,00:00:00.515,0.515,1
MT208PN41005,MTBrowsingPageEvent,16:06:45.000,01:26:57.420,(punctual),21,00:00:00.469,0.469,1
MT208PN41005,MTBrowsingPageEvent,16:06:46.000,01:26:57.889,(punctual),20,00:00:01.110,1.11,1
MT208PN41005,MTBrowsingPageEvent,16:06:47.000,01:26:58.999,(punctual),19,00:04:26.927,266.927,1
MT208PN41005,MTBrowsingPageEvent,16:11:14.000,01:31:25.926,(punctual),13,00:01:15.940,75.094,1
MT208PN41005,MTBrowsingPageEvent,16:12:29.000,01:32:41.020,(punctual),14,00:00:29.797,29.797,1
MT208PN41005,MTBrowsingPageEvent,16:12:59.000,01:33:10.817,(punctual),15,00:00:16.234,16.234,1
MT208PN41005,MTBrowsingPageEvent,16:13:15.000,01:33:27.051,(punctual),16,00:00:49.891,49.891,1
MT208PN41005,MTBrowsingPageEvent,16:14:05.000,01:34:16.942,(punctual),13,00:01:49.438,109.438,1
MT208PN41006,MTBrowsingPageEvent,10:02:33.000,00:26:59.664,(punctual),0,00:18:23.355,1103.355,1
MT208PN41006,MTBrowsingPageEvent,10:23:08.000,00:47:34.754,(punctual),1,00:18:01.724,1081.724,1
MT208PN41006,MTBrowsingPageEvent,10:45:32.000,01:09:58.948,(punctual),2,00:14:27.331,867.331,1
MT208PN41006,MTBrowsingPageEvent,11:01:00.000,01:25:27.358,(punctual),3,00:06:54.834,414.834,0
MT208PN41006,MTBrowsingPageEvent,11:08:10.000,01:32:37.161,(punctual),4,00:01:52.376,112.376,0.5
MT208PN41007,MTBrowsingPageEvent,15:21:15.000,00:34:12.310,(punctual),0,00:06:20.729,380.729,1
MT208PN41007,MTBrowsingPageEvent,15:29:23.000,00:42:20.269,(punctual),1,00:04:22.148,262.148,1
MT208PN41007,MTBrowsingPageEvent,15:33:46.000,00:46:42.417,(punctual),2,00:00:01.203,1.203,1
MT208PN41007,MTBrowsingPageEvent,15:33:47.000,00:46:43.620,(punctual),1,00:00:10.531,10.531,1
MT208PN41007,MTBrowsingPageEvent,15:33:57.000,00:46:54.151,(punctual),2,00:00:08.687,8.687,1
MT208PN41007,MTBrowsingPageEvent,15:34:06.000,00:47:02.838,(punctual),1,00:00:04.310,4.031,1
MT208PN41007,MTBrowsingPageEvent,15:34:10.000,00:47:06.869,(punctual),0,00:00:12.812,12.812,1
MT208PN41007,MTBrowsingPageEvent,15:34:23.000,00:47:19.681,(punctual),1,00:00:08.687,8.687,1
MT208PN41007,MTBrowsingPageEvent,15:34:31.000,00:47:28.368,(punctual),2,00:04:16.259,256.259,1
MT208PN41007,MTBrowsingPageEvent,15:39:51.000,00:52:47.462,(punctual),3,00:01:50.446,110.446,0
MT208PN41007,MTBrowsingPageEvent,15:47:45.000,00:54:37.908,(punctual),3,00:06:45.596,405.596,0
MT208PN41007,MTBrowsingPageEvent,15:54:31.000,01:01:23.504,(punctual),4,00:04:10.655,250.655,0.5
MT208PN41007,MTBrowsingPageEvent,15:58:42.000,01:05:34.159,(punctual),5,00:01:34.659,94.659,0.5
MT208PN41007,MTBrowsingPageEvent,16:03:30.000,01:10:22.650,(punctual),6,00:00:01.375,1.375,1
MT208PN41007,MTBrowsingPageEvent,16:03:32.000,01:10:24.025,(punctual),5,00:00:10.780,10.078,0.5
MT208PN41007,MTBrowsingPageEvent,16:03:42.000,01:10:34.103,(punctual),6,00:00:00.703,0.703,1
MT208PN41007,MTBrowsingPageEvent,16:03:42.000,01:10:34.806,(punctual),7,00:00:00.969,0.969,0
MT208PN41007,MTBrowsingPageEvent,16:03:43.000,01:10:35.775,(punctual),5,00:00:00.750,0.75,0.5
MT208PN41007,MTBrowsingPageEvent,16:03:44.000,01:10:36.525,(punctual),4,00:00:00.500,0.5,0.5
MT208PN41007,MTBrowsingPageEvent,16:03:45.000,01:10:37.025,(punctual),3,00:00:00.531,0.531,0
MT208PN41007,MTBrowsingPageEvent,16:03:45.000,01:10:37.556,(punctual),5,00:00:07.515,7.515,0.5
MT208PN41007,MTBrowsingPageEvent,16:03:53.000,01:10:45.071,(punctual),22,00:00:03.313,3.313,0.5
MT208PN41007,MTBrowsingPageEvent,16:03:56.000,01:10:48.384,(punctual),11,00:00:04.422,4.422,0.5
MT208PN41007,MTBrowsingPageEvent,16:04:00.000,01:10:52.806,(punctual),6,00:00:00.640,0.64,1
MT208PN41007,MTBrowsingPageEvent,16:04:01.000,01:10:53.446,(punctual),5,00:00:09.985,9.985,0.5
MT208PN41007,MTBrowsingPageEvent,16:04:11.000,01:11:03.431,(punctual),6,00:00:00.859,0.859,1
MT208PN41007,MTBrowsingPageEvent,16:04:12.000,01:11:04.290,(punctual),5,00:00:00.500,0.5,0.5
MT208PN41007,MTBrowsingPageEvent,16:04:12.000,01:11:04.790,(punctual),7,00:00:03.328,3.328,0
MT208PN41007,MTBrowsingPageEvent,16:04:16.000,01:11:08.118,(punctual),5,00:00:00.813,0.813,0.5
MT208PN41007,MTBrowsingPageEvent,16:04:17.000,01:11:08.931,(punctual),4,00:00:00.687,0.687,0.5
MT208PN41007,MTBrowsingPageEvent,16:04:17.000,01:11:09.618,(punctual),3,00:00:02.641,2.641,0
MT208PN41007,MTBrowsingPageEvent,16:04:20.000,01:11:12.259,(punctual),3,00:00:00.437,0.437,0
MT208PN41007,MTBrowsingPageEvent,16:04:20.000,01:11:12.696,(punctual),4,00:00:00.625,0.625,0.5
MT208PN41007,MTBrowsingPageEvent,16:04:21.000,01:11:13.321,(punctual),5,00:00:06.703,6.703,0.5
MT208PN41007,MTBrowsingPageEvent,16:04:28.000,01:11:20.024,(punctual),6,00:00:00.844,0.844,1
MT208PN41007,MTBrowsingPageEvent,16:04:28.000,01:11:20.868,(punctual),5,00:00:00.797,0.797,0.5
MT208PN41007,MTBrowsingPageEvent,16:04:29.000,01:11:21.665,(punctual),4,00:00:00.547,0.547,0.5
MT208PN41007,MTBrowsingPageEvent,16:04:30.000,01:11:22.212,(punctual),3,00:00:29.187,29.187,0
MT208PN41007,MTBrowsingPageEvent,16:04:59.000,01:11:51.399,(punctual),6,00:00:01.766,1.766,1
MT208PN41007,MTBrowsingPageEvent,16:05:01.000,01:11:53.165,(punctual),3,00:00:01.470,1.047,0
MT208PN41007,MTBrowsingPageEvent,16:05:02.000,01:11:54.212,(punctual),10,00:00:01.780,1.078,0.5
MT208PN41007,MTBrowsingPageEvent,16:05:03.000,01:11:55.290,(punctual),3,00:00:44.765,44.765,0
MT208PN41007,MTBrowsingPageEvent,16:06:06.000,01:12:40.055,(punctual),3,00:00:02.516,2.516,0
MT208PN41007,MTBrowsingPageEvent,16:06:08.000,01:12:42.571,(punctual),6,00:00:01.562,1.562,1
MT208PN41007,MTBrowsingPageEvent,16:06:10.000,01:12:44.133,(punctual),5,00:01:40.930,100.093,0.5
MT208PN41007,MTBrowsingPageEvent,16:07:50.000,01:14:24.226,(punctual),6,00:00:00.780,0.078,1
MT208PN41007,MTBrowsingPageEvent,16:07:50.000,01:14:24.304,(punctual),7,00:00:00.938,0.938,0
MT208PN41007,MTBrowsingPageEvent,16:07:51.000,01:14:25.242,(punctual),6,00:01:55.904,115.904,1
MT208PN41007,MTBrowsingPageEvent,16:09:47.000,01:16:21.146,(punctual),7,00:01:07.813,67.813,0
MT208PN41007,MTBrowsingPageEvent,16:10:55.000,01:17:28.959,(punctual),8,00:01:19.523,79.523,0
MT208PN41007,MTBrowsingPageEvent,16:12:14.000,01:18:48.482,(punctual),9,00:01:24.585,84.585,0
MT208PN41007,MTBrowsingPageEvent,16:13:39.000,01:20:13.067,(punctual),10,00:02:02.900,122.009,0.5
MT208PN41007,MTBrowsingPageEvent,16:15:41.000,01:22:15.076,(punctual),11,00:01:48.392,108.392,0.5
MT208PN41007,MTBrowsingPageEvent,16:17:29.000,01:24:03.468,(punctual),12,00:02:41.408,161.408,0
MT208PN41007,MTBrowsingPageEvent,16:20:48.000,01:27:22.595,(punctual),13,00:03:44.966,224.966,0.5
MT208PN41007,MTBrowsingPageEvent,16:24:33.000,01:31:07.561,(punctual),14,00:00:25.203,25.203,0.5
MT208PN41007,MTBrowsingPageEvent,16:24:59.000,01:31:32.764,(punctual),17,00:00:22.218,22.218,0.5
MT208PN41007,MTBrowsingPageEvent,16:25:21.000,01:31:54.982,(punctual),22,00:01:00.952,60.952,0.5
MT208PN41007,MTBrowsingPageEvent,16:26:22.000,01:32:55.934,(punctual),23,00:01:27.688,87.688,0.5
MT208PN41007,MTBrowsingPageEvent,16:27:49.000,01:34:23.622,(punctual),24,00:00:37.643,37.643,0.5
MT208PN41007,MTBrowsingPageEvent,16:28:27.000,01:35:01.265,(punctual),25,00:00:42.689,42.689,1
MT208PN41007,MTBrowsingPageEvent,16:29:10.000,01:35:43.954,(punctual),26,00:00:12.189,12.189,0.5
MT208PN41007,MTBrowsingPageEvent,16:29:22.000,01:35:56.143,(punctual),18,00:00:01.937,1.937,0
MT208PN41007,MTBrowsingPageEvent,16:29:24.000,01:35:58.080,(punctual),15,00:00:34.861,34.861,0.5
MT208PN41007,MTBrowsingPageEvent,16:29:59.000,01:36:32.941,(punctual),16,00:01:06.566,66.566,0.5
MT208PN41007,MTBrowsingPageEvent,16:31:05.000,01:37:39.507,(punctual),18,00:01:44.582,104.582,0
MT208PN41007,MTBrowsingPageEvent,16:32:50.000,01:39:24.089,(punctual),19,00:00:04.630,4.063,0
MT208PN41007,MTBrowsingPageEvent,16:32:54.000,01:39:28.152,(punctual),20,00:00:02.343,2.343,0
MT208PN41007,MTBrowsingPageEvent,16:32:56.000,01:39:30.495,(punctual),29,00:00:00.907,0.907,0
MT208PN41007,MTBrowsingPageEvent,16:32:57.000,01:39:31.402,(punctual),28,00:00:27.562,27.562,0.5
MT208PN41007,MTBrowsingPageEvent,16:33:25.000,01:39:58.964,(punctual),29,00:00:07.891,7.891,0
MT208PN41007,MTBrowsingPageEvent,16:33:33.000,01:40:06.855,(punctual),30,00:00:07.516,7.516,0
MT208PN41007,MTBrowsingPageEvent,16:33:40.000,01:40:14.371,(punctual),31,00:00:27.172,27.172,0
MT208PN41007,MTBrowsingPageEvent,16:34:07.000,01:40:41.543,(punctual),32,00:00:52.702,52.702,0
MT208PN41008,MTBrowsingPageEvent,14:04:15.000,00:26:15.211,(punctual),0,00:00:40.199,40.199,0
MT208PN41008,MTBrowsingPageEvent,14:04:56.000,00:26:55.410,(punctual),1,00:00:50.671,50.671,0
MT208PN41008,MTBrowsingPageEvent,14:05:46.000,00:27:46.081,(punctual),2,00:00:33.739,33.739,0.5
MT208PN41008,MTBrowsingPageEvent,14:06:20.000,00:28:19.820,(punctual),3,00:00:59.238,59.238,0
MT208PN41008,MTBrowsingPageEvent,14:07:19.000,00:29:19.058,(punctual),4,00:00:59.580,59.58,0
MT208PN41008,MTBrowsingPageEvent,14:08:19.000,00:30:18.638,(punctual),5,00:01:15.467,75.467,0
MT208PN41008,MTBrowsingPageEvent,14:09:34.000,00:31:34.105,(punctual),6,00:01:09.832,69.832,1
MT208PN41008,MTBrowsingPageEvent,14:10:44.000,00:32:43.937,(punctual),7,00:01:29.963,89.963,1
MT208PN41008,MTBrowsingPageEvent,14:13:17.000,00:35:17.209,(punctual),8,00:01:18.306,78.306,1
MT208PN41008,MTBrowsingPageEvent,14:14:55.000,00:36:54.787,(punctual),9,00:03:48.859,228.859,1
MT208PN41008,MTBrowsingPageEvent,14:19:03.000,00:41:02.934,(punctual),10,00:01:08.490,68.49,1
MT208PN41008,MTBrowsingPageEvent,14:20:59.000,00:42:58.441,(punctual),11,00:01:26.263,86.263,1
MT208PN41008,MTBrowsingPageEvent,14:22:25.000,00:44:24.704,(punctual),12,00:02:20.350,140.35,1
MT208PN41008,MTBrowsingPageEvent,14:24:59.000,00:46:59.051,(punctual),13,00:01:50.888,110.888,0
MT208PN41008,MTBrowsingPageEvent,14:26:50.000,00:48:49.939,(punctual),14,00:01:09.863,69.863,0
MT208PN41008,MTBrowsingPageEvent,14:28:00.000,00:49:59.802,(punctual),15,00:00:37.280,37.28,0
MT208PN41008,MTBrowsingPageEvent,14:28:37.000,00:50:37.082,(punctual),16,00:01:07.475,67.475,0
MT208PN41008,MTBrowsingPageEvent,14:29:45.000,00:51:44.557,(punctual),17,00:02:23.772,143.772,0.5
MT208PN41008,MTBrowsingPageEvent,14:32:09.000,00:54:08.329,(punctual),18,00:00:58.783,58.783,0
MT208PN41008,MTBrowsingPageEvent,14:33:07.000,00:55:07.112,(punctual),19,00:01:55.252,115.252,0
MT208PN41008,MTBrowsingPageEvent,14:35:03.000,00:57:02.364,(punctual),20,00:01:08.987,68.987,0
MT208PN41008,MTBrowsingPageEvent,14:39:06.000,01:01:05.469,(punctual),21,00:01:17.247,77.247,0
MT208PN41008,MTBrowsingPageEvent,14:40:23.000,01:02:22.716,(punctual),22,00:00:28.504,28.504,0
MT208PN41008,MTBrowsingPageEvent,14:40:51.000,01:02:51.220,(punctual),23,00:00:38.563,38.563,0
MT208PN41008,MTBrowsingPageEvent,14:41:30.000,01:03:29.783,(punctual),24,00:00:33.275,33.275,0
MT208PN41008,MTBrowsingPageEvent,14:42:03.000,01:04:03.058,(punctual),25,00:00:47.690,47.069,0
MT208PN41008,MTBrowsingPageEvent,14:42:50.000,01:04:50.127,(punctual),26,00:00:42.961,42.961,0
MT208PN41008,MTBrowsingPageEvent,14:43:33.000,01:05:33.088,(punctual),27,00:00:32.166,32.166,0.5
MT208PN41008,MTBrowsingPageEvent,14:44:06.000,01:06:05.254,(punctual),28,00:00:45.414,45.414,0
MT208PN41008,MTBrowsingPageEvent,14:44:51.000,01:06:50.668,(punctual),36,00:01:12.964,72.964,0
MT208PN41008,MTBrowsingPageEvent,14:46:04.000,01:08:03.632,(punctual),37,00:00:57.933,57.933,0
MT208PN41008,MTBrowsingPageEvent,14:47:02.000,01:09:01.565,(punctual),29,00:02:26.498,146.498,1
MT208PN41008,MTBrowsingPageEvent,14:51:16.000,01:13:15.654,(punctual),30,00:01:13.570,73.57,1
MT208PN41008,MTBrowsingPageEvent,14:52:29.000,01:14:29.224,(punctual),31,00:01:25.307,85.307,1
MT208PN41008,MTBrowsingPageEvent,14:53:55.000,01:15:54.531,(punctual),32,00:02:25.186,145.186,1
MT208PN41008,MTBrowsingPageEvent,14:57:07.000,01:19:06.581,(punctual),33,00:02:27.316,147.316,1
MT208PN41008,MTBrowsingPageEvent,14:59:34.000,01:21:33.897,(punctual),34,00:02:43.730,163.73,1
MT208PN41008,MTBrowsingPageEvent,15:02:18.000,01:24:17.627,(punctual),35,00:05:35.112,335.112,1
MT208PN41008,MTBrowsingPageEvent,15:07:53.000,01:29:52.739,(punctual),30,00:00:00.782,0.782,0
MT208PN41008,MTBrowsingPageEvent,15:07:54.000,01:29:53.521,(punctual),23,00:00:21.660,21.066,1
MT208PN41008,MTBrowsingPageEvent,15:08:15.000,01:30:14.587,(punctual),17,00:00:01.640,1.064,1
MT208PN41008,MTBrowsingPageEvent,15:08:16.000,01:30:15.651,(punctual),18,00:00:00.799,0.799,0.5
MT208PN41008,MTBrowsingPageEvent,15:08:17.000,01:30:16.450,(punctual),19,00:00:00.876,0.876,0
MT208PN41008,MTBrowsingPageEvent,15:08:18.000,01:30:17.326,(punctual),20,00:00:04.617,4.617,0
MT208PN41008,MTBrowsingPageEvent,15:08:22.000,01:30:21.943,(punctual),21,00:03:35.381,215.381,0
